material_id,plant,mrp_type,mrp_controller,procurement_type,planned_delivery_time_days,gr_processing_time_days,safety_stock,reorder_point,lot_size,min_lot_size,rounding_value,source_list_required
M500001,MTY1,V1,M02,F,85,5,46,444,EX,1,25,Y
M500001,AUS1,PD,M01,F,43,2,407,57,HB,50,10,Y
M500001,PHX1,ND,M02,F,36,1,89,80,FX,100,50,N
M500001,KCH1,VB,M02,F,68,3,326,260,HB,50,1,N
M500001,DAL1,V1,M02,F,64,0,226,353,FX,50,25,N
M500002,MTY1,VB,M03,F,20,1,325,194,FX,50,5,Y
M500002,KCH1,V1,M04,F,4,0,296,373,FX,10,1,N
M500003,KCH1,VB,M04,F,23,4,187,92,HB,1,10,Y
M500003,AUS1,V1,M03,F,63,4,195,653,HB,1,5,Y
M500004,AUS1,V1,M04,F,31,4,380,744,EX,100,1,N
M500004,MTY1,V1,M01,F,28,5,189,222,HB,100,5,N
M500004,KCH1,V1,M03,F,8,0,203,282,EX,1,25,Y
M500004,PHX1,PD,M01,F,15,2,124,128,FX,10,1,N
M500004,DAL1,VB,M02,F,15,2,396,151,FX,1,10,N
M500005,PHX1,PD,M01,F,58,3,229,796,HB,1,25,Y
M500005,AUS1,PD,M03,F,83,3,329,31,EX,100,25,Y
M500005,KCH1,ND,M04,F,18,0,460,82,HB,10,1,Y
M500006,KCH1,V1,M04,F,28,3,212,747,EX,50,25,Y
M500006,MTY1,V1,M02,F,18,5,472,485,EX,1,1,Y
M500006,AUS1,V1,M02,F,8,4,30,600,FX,50,1,Y
M500007,AUS1,PD,M03,F,29,0,92,279,FX,50,10,Y
M500007,PHX1,VB,M04,F,13,0,72,758,FX,1,1,N
M500007,KCH1,ND,M04,F,15,3,174,161,HB,50,10,N
M500007,MTY1,PD,M02,F,7,1,386,632,EX,1,10,Y
M500008,AUS1,VB,M03,F,2,1,392,140,HB,50,10,Y
M500008,DAL1,ND,M02,F,33,1,194,545,FX,10,50,Y
M500008,KCH1,PD,M04,F,24,5,21,446,EX,100,1,N
M500008,MTY1,ND,M04,F,29,2,58,414,EX,50,5,N
M500009,AUS1,VB,M03,F,34,2,372,660,EX,10,1,Y
M500009,MTY1,VB,M02,F,14,5,38,181,FX,100,25,N
M500009,PHX1,V1,M03,F,30,1,225,69,HB,100,10,N
M500010,KCH1,ND,M02,F,22,0,230,105,HB,1,50,Y
M500010,DAL1,VB,M04,F,4,3,268,535,FX,10,10,Y
M500011,PHX1,VB,M03,F,89,2,495,671,FX,100,5,Y
M500011,AUS1,V1,M04,F,15,5,405,336,EX,1,25,Y
M500011,MTY1,V1,M03,F,7,1,486,219,HB,100,5,Y
M500012,MTY1,VB,M02,F,25,5,224,44,HB,50,5,N
M500012,KCH1,V1,M04,F,83,1,273,244,HB,100,5,Y
M500012,AUS1,ND,M04,F,78,2,398,391,FX,100,5,N
M500013,PHX1,ND,M01,F,11,1,418,461,HB,1,25,Y
M500013,KCH1,V1,M02,F,34,3,41,383,EX,1,10,N
M500013,MTY1,VB,M02,F,23,0,146,483,FX,10,25,Y
M500014,DAL1,ND,M01,F,86,0,428,511,FX,1,50,Y
M500014,KCH1,V1,M04,F,23,0,314,361,EX,100,5,N
M500015,PHX1,VB,M01,F,49,4,376,774,HB,10,1,Y
M500015,AUS1,VB,M04,F,48,5,245,646,EX,10,1,N
M500015,DAL1,PD,M03,F,63,1,22,204,EX,50,10,Y
M500015,KCH1,ND,M03,F,74,0,385,662,EX,50,10,N
M500016,PHX1,VB,M03,F,60,2,52,81,HB,50,10,Y
M500016,MTY1,VB,M04,F,59,2,228,43,FX,50,50,N
M500016,AUS1,PD,M01,F,40,5,326,415,HB,10,1,Y
M500016,DAL1,ND,M01,F,82,1,34,241,FX,50,10,Y
M500016,KCH1,PD,M02,F,77,5,230,379,HB,100,1,Y
M500017,KCH1,ND,M02,F,6,5,227,89,FX,50,10,N
M500017,DAL1,V1,M02,F,20,5,363,717,FX,10,10,Y
M500017,AUS1,VB,M02,F,9,1,404,505,EX,50,50,Y
M500017,PHX1,VB,M01,F,31,0,158,407,FX,100,50,Y
M500018,DAL1,PD,M02,F,5,2,84,165,HB,10,10,N
M500018,KCH1,V1,M01,F,35,2,100,650,FX,50,5,Y
M500018,PHX1,VB,M02,F,7,1,337,639,FX,50,50,Y
M500019,PHX1,ND,M01,F,21,5,30,161,HB,100,25,Y
M500019,KCH1,VB,M03,F,23,5,163,751,HB,100,5,N
M500019,AUS1,PD,M03,F,34,1,238,125,HB,100,5,Y
M500019,DAL1,V1,M04,F,5,4,214,254,EX,50,50,N
M500020,AUS1,ND,M03,F,81,4,4,110,HB,10,10,N
M500020,MTY1,V1,M01,F,56,3,26,583,FX,10,10,Y
M500020,DAL1,ND,M04,F,14,4,143,638,FX,1,5,N
M500020,PHX1,V1,M03,F,55,4,480,374,EX,10,50,Y
M500021,MTY1,ND,M01,F,21,2,169,689,EX,100,50,Y
M500021,PHX1,ND,M03,F,3,5,400,794,FX,10,1,Y
M500021,KCH1,ND,M02,F,12,5,124,32,FX,1,5,Y
M500021,DAL1,ND,M02,F,22,3,353,208,HB,100,1,N
M500022,MTY1,V1,M02,F,19,2,394,295,FX,10,25,Y
M500022,KCH1,V1,M03,F,24,0,293,692,FX,100,25,N
M500022,AUS1,V1,M01,F,11,2,489,731,EX,50,25,N
M500022,PHX1,VB,M02,F,32,4,138,575,FX,50,5,Y
M500023,AUS1,ND,M02,F,32,2,164,292,FX,1,1,N
M500023,DAL1,PD,M02,F,16,3,451,180,EX,100,25,Y
M500023,KCH1,PD,M01,F,20,2,290,617,EX,50,10,Y
M500024,PHX1,VB,M04,F,14,3,263,335,EX,100,1,Y
M500024,MTY1,ND,M03,F,10,1,3,267,HB,10,25,N
M500025,AUS1,VB,M04,F,16,1,232,765,FX,50,25,N
M500025,PHX1,VB,M02,F,32,5,386,610,EX,100,50,N
M500025,DAL1,PD,M01,F,6,4,462,517,EX,10,5,Y
M500025,MTY1,ND,M01,F,35,5,105,734,FX,100,1,N
M500026,DAL1,ND,M03,F,4,5,32,554,EX,1,25,Y
M500026,AUS1,VB,M02,F,28,5,500,746,FX,100,10,N
M500027,AUS1,ND,M04,F,31,1,126,471,HB,10,10,Y
M500027,MTY1,PD,M04,F,9,4,392,16,EX,10,1,Y
M500027,DAL1,ND,M01,F,4,1,379,45,HB,100,5,Y
M500028,DAL1,PD,M02,F,19,5,347,437,FX,100,1,N
M500028,MTY1,V1,M04,F,26,3,76,307,HB,10,50,Y
M500028,KCH1,V1,M02,F,16,3,468,59,FX,100,25,Y
M500028,PHX1,ND,M02,F,10,2,104,338,FX,1,25,N
M500029,KCH1,PD,M02,F,43,1,492,759,EX,100,5,N
M500029,DAL1,ND,M02,F,31,4,164,794,HB,100,25,Y
M500029,MTY1,V1,M03,F,50,2,262,509,HB,1,25,N
M500030,PHX1,VB,M04,F,53,4,335,701,HB,50,25,N
M500030,DAL1,ND,M04,F,87,1,375,360,EX,10,50,Y
M500030,AUS1,PD,M01,F,74,0,483,684,EX,1,25,Y
M500030,KCH1,VB,M01,F,85,5,77,9,EX,100,10,Y
M500030,MTY1,ND,M04,F,86,0,3,544,FX,100,1,Y
M500031,PHX1,ND,M04,F,25,4,124,713,EX,50,1,N
M500031,MTY1,PD,M04,F,4,3,193,565,HB,1,1,N
M500031,DAL1,ND,M04,F,7,5,401,339,FX,1,50,N
M500031,AUS1,VB,M04,F,16,2,23,76,FX,50,50,Y
M500032,MTY1,V1,M01,F,69,0,223,237,EX,50,50,N
M500032,PHX1,ND,M03,F,81,0,324,279,HB,100,5,Y
M500032,DAL1,ND,M02,F,53,5,299,676,HB,1,50,Y
M500032,AUS1,PD,M01,F,36,2,78,389,FX,10,25,Y
M500032,KCH1,PD,M01,F,18,2,227,368,HB,1,5,Y
M500033,KCH1,VB,M04,F,35,1,71,275,HB,50,25,Y
M500033,MTY1,ND,M03,F,12,3,153,495,EX,50,10,N
M500033,AUS1,VB,M04,F,33,0,69,311,EX,100,10,N
M500033,PHX1,V1,M04,F,26,2,220,666,FX,10,10,Y
M500034,PHX1,PD,M04,F,13,5,107,448,HB,1,25,N
M500034,KCH1,V1,M02,F,10,2,337,157,FX,100,25,Y
M500034,DAL1,ND,M04,F,32,4,18,368,FX,1,1,N
M500034,AUS1,VB,M01,F,24,4,330,693,FX,100,10,N
M500034,MTY1,PD,M01,F,29,0,132,227,FX,10,25,Y
M500035,KCH1,ND,M01,F,24,3,369,713,HB,50,1,Y
M500035,DAL1,PD,M03,F,9,5,55,693,EX,10,50,Y
M500035,PHX1,V1,M04,F,12,3,118,414,FX,10,5,Y
M500035,MTY1,ND,M01,F,29,5,314,202,HB,100,25,Y
M500036,MTY1,PD,M03,F,80,2,432,468,FX,10,10,N
M500036,PHX1,PD,M02,F,80,2,60,244,HB,1,5,Y
M500036,KCH1,ND,M04,F,23,4,70,588,HB,100,5,Y
M500036,DAL1,VB,M02,F,73,3,147,143,EX,50,25,Y
M500036,AUS1,PD,M04,F,50,1,99,393,FX,100,25,N
M500037,MTY1,PD,M04,F,25,4,111,435,EX,10,10,N
M500037,AUS1,ND,M03,F,4,2,441,89,HB,1,5,Y
M500037,PHX1,ND,M02,F,24,4,71,211,EX,1,50,Y
M500037,KCH1,VB,M03,F,19,5,149,296,FX,50,50,N
M500037,DAL1,VB,M04,F,8,0,141,671,EX,10,5,Y
M500038,KCH1,ND,M04,F,52,2,297,2,FX,1,25,Y
M500038,PHX1,PD,M04,F,50,1,495,439,EX,100,10,Y
M500039,AUS1,ND,M01,F,61,3,103,705,EX,50,5,N
M500039,DAL1,PD,M03,F,40,2,42,380,FX,10,1,Y
M500040,DAL1,PD,M01,F,16,2,188,306,EX,100,5,Y
M500040,KCH1,PD,M01,F,23,4,332,168,HB,50,5,Y
M500040,AUS1,ND,M04,F,24,1,44,102,EX,1,50,N
M500040,PHX1,ND,M03,F,49,1,126,283,FX,1,5,Y
M500040,MTY1,V1,M01,F,81,5,448,308,EX,10,25,Y
M500041,DAL1,VB,M04,F,51,0,8,601,EX,1,10,Y
M500041,KCH1,ND,M03,F,12,5,364,513,HB,100,25,Y
M500041,PHX1,VB,M03,F,73,0,158,80,FX,10,5,Y
M500041,MTY1,PD,M03,F,55,5,223,747,EX,1,5,Y
M500042,DAL1,PD,M03,F,9,3,139,536,EX,50,50,Y
M500042,PHX1,ND,M03,F,33,0,255,580,EX,50,5,Y
M500042,AUS1,PD,M02,F,8,5,260,2,EX,1,5,Y
M500042,MTY1,ND,M02,F,25,1,476,36,FX,100,5,Y
M500043,AUS1,ND,M01,F,7,2,102,298,FX,50,50,Y
M500043,KCH1,ND,M02,F,25,5,461,559,EX,10,1,N
M500043,DAL1,VB,M03,F,3,5,429,710,EX,50,1,N
M500043,PHX1,V1,M01,F,26,1,271,243,HB,100,1,N
M500043,MTY1,V1,M01,F,11,0,471,237,FX,100,10,Y
M500044,KCH1,VB,M01,F,19,1,69,798,FX,1,5,Y
M500044,PHX1,ND,M03,F,30,3,61,548,HB,10,25,Y
M500044,DAL1,PD,M01,F,18,1,413,702,HB,1,5,N
M500044,MTY1,VB,M01,F,22,5,127,364,HB,1,10,Y
M500045,PHX1,PD,M02,F,3,5,227,131,EX,50,1,Y
M500045,AUS1,PD,M02,F,31,4,221,741,HB,100,1,Y
M500045,MTY1,VB,M03,F,29,1,465,191,HB,50,25,N
M500045,DAL1,VB,M03,F,4,3,210,563,HB,1,1,Y
M500045,KCH1,ND,M02,F,10,5,452,538,EX,1,25,N
M500046,MTY1,VB,M02,F,17,2,273,754,EX,10,50,N
M500046,PHX1,V1,M02,F,54,1,121,606,HB,50,50,Y
M500046,KCH1,VB,M02,F,50,3,277,316,EX,100,1,Y
M500046,AUS1,VB,M01,F,34,4,244,0,HB,10,5,Y
M500046,DAL1,V1,M01,F,27,0,75,600,FX,10,1,N
M500047,PHX1,ND,M03,F,13,5,352,301,EX,10,1,N
M500047,DAL1,PD,M02,F,27,4,162,626,EX,1,25,Y
M500047,MTY1,VB,M03,F,6,2,85,651,EX,50,25,Y
M500047,KCH1,VB,M01,F,15,2,131,110,FX,1,1,Y
M500047,AUS1,VB,M04,F,28,3,451,387,HB,100,1,N
M500048,MTY1,ND,M01,F,23,3,482,669,EX,100,5,Y
M500048,AUS1,VB,M02,F,23,3,356,567,FX,50,10,Y
M500049,AUS1,V1,M01,F,26,3,432,118,HB,100,25,Y
M500049,DAL1,V1,M01,F,89,5,278,396,EX,50,25,Y
M500050,MTY1,ND,M04,F,35,4,451,241,HB,50,1,Y
M500050,DAL1,VB,M01,F,4,3,88,171,EX,10,5,Y
M500050,PHX1,ND,M02,F,7,5,75,609,HB,50,1,Y
M500050,AUS1,V1,M03,F,27,4,234,12,FX,100,1,Y
M500050,KCH1,PD,M01,F,11,4,399,103,HB,50,25,Y
M500051,AUS1,PD,M03,F,25,2,159,287,HB,1,5,Y
M500051,KCH1,V1,M03,F,30,5,213,619,FX,1,5,Y
M500051,DAL1,ND,M03,F,28,0,263,162,EX,50,50,Y
M500052,AUS1,VB,M04,F,30,4,282,358,HB,10,10,N
M500052,MTY1,V1,M01,F,7,3,25,166,FX,10,5,Y
M500052,KCH1,V1,M04,F,15,4,10,799,FX,1,25,N
M500052,DAL1,PD,M02,F,13,2,311,312,FX,50,25,N
M500052,PHX1,ND,M03,F,24,1,238,309,FX,100,50,Y
M500053,PHX1,ND,M03,F,5,5,71,738,EX,100,10,Y
M500053,DAL1,ND,M04,F,28,5,18,597,FX,10,10,N
M500053,AUS1,ND,M03,F,16,4,153,174,FX,10,10,Y
M500053,MTY1,V1,M02,F,10,5,460,343,FX,1,5,Y
M500054,KCH1,PD,M04,F,34,4,152,423,EX,10,5,N
M500054,DAL1,ND,M04,F,23,1,161,732,EX,1,25,Y
M500055,DAL1,ND,M04,F,29,3,196,4,EX,10,10,N
M500055,KCH1,VB,M01,F,22,5,2,641,FX,10,5,N
M500056,KCH1,VB,M02,F,50,3,9,233,EX,10,5,N
M500056,DAL1,VB,M01,F,80,2,364,666,EX,100,10,N
M500056,MTY1,PD,M01,F,84,5,55,669,EX,1,1,Y
M500056,PHX1,PD,M03,F,53,3,359,156,EX,1,10,Y
M500057,DAL1,V1,M02,F,57,0,280,508,EX,100,10,Y
M500057,MTY1,PD,M01,F,6,4,342,505,EX,1,50,Y
M500057,KCH1,V1,M02,F,17,3,500,303,HB,100,1,Y
M500057,AUS1,PD,M03,F,27,2,410,693,HB,100,1,Y
M500057,PHX1,PD,M02,F,10,5,331,174,HB,50,25,N
M500058,DAL1,ND,M04,F,18,4,347,448,EX,100,10,Y
M500058,AUS1,ND,M04,F,21,0,454,421,HB,1,1,Y
M500058,KCH1,PD,M02,F,45,5,447,346,FX,1,25,N
M500058,PHX1,ND,M03,F,36,5,346,656,HB,10,50,N
M500058,MTY1,PD,M01,F,83,5,478,160,FX,100,25,N
M500059,AUS1,PD,M01,F,68,3,211,36,FX,1,1,N
M500059,KCH1,V1,M02,F,84,5,343,467,HB,50,1,N
M500059,DAL1,V1,M04,F,63,5,336,372,FX,100,1,Y
M500059,PHX1,VB,M01,F,89,2,181,648,HB,50,1,Y
M500059,MTY1,ND,M02,F,26,5,380,738,HB,1,10,Y
M500060,KCH1,ND,M04,F,75,4,399,181,FX,10,5,Y
M500060,DAL1,V1,M04,F,89,3,311,709,EX,50,25,N
M500060,MTY1,ND,M02,F,42,1,211,616,FX,50,50,N
M500060,AUS1,VB,M02,F,75,1,319,731,HB,50,5,N
M500060,PHX1,VB,M03,F,88,5,59,779,HB,100,50,Y
M500061,DAL1,V1,M03,F,12,1,429,63,FX,50,5,N
M500061,PHX1,V1,M04,F,4,0,315,691,FX,10,50,Y
M500062,DAL1,VB,M03,F,14,3,90,699,EX,10,5,N
M500062,KCH1,ND,M01,F,9,3,142,569,HB,10,5,Y
M500062,AUS1,PD,M03,F,18,3,363,158,EX,10,10,Y
M500062,MTY1,ND,M03,F,21,0,401,724,HB,10,5,Y
M500063,MTY1,VB,M01,F,17,5,453,328,HB,1,25,Y
M500063,AUS1,PD,M03,F,20,4,411,520,HB,100,1,Y
M500063,KCH1,V1,M01,F,14,0,85,791,FX,1,1,Y
M500063,DAL1,ND,M01,F,15,1,275,719,FX,100,1,N
M500063,PHX1,PD,M04,F,11,5,169,38,EX,1,1,Y
M500064,MTY1,PD,M01,F,79,2,475,514,EX,50,10,Y
M500064,AUS1,ND,M04,F,41,3,420,676,EX,100,5,Y
M500065,PHX1,VB,M04,F,49,5,435,524,EX,10,5,Y
M500065,DAL1,VB,M01,F,37,1,343,580,EX,100,50,Y
M500066,PHX1,V1,M02,F,23,4,290,373,HB,100,5,Y
M500066,KCH1,VB,M04,F,17,2,430,368,EX,50,25,Y
M500066,DAL1,V1,M04,F,24,4,55,179,FX,1,10,N
M500067,AUS1,ND,M02,F,74,2,200,228,FX,50,5,Y
M500067,PHX1,PD,M04,F,70,2,257,10,FX,10,50,N
M500067,KCH1,VB,M04,F,70,1,91,579,FX,10,25,N
M500068,AUS1,V1,M03,F,71,4,278,583,EX,100,25,Y
M500068,MTY1,PD,M03,F,88,3,498,228,FX,100,10,N
M500068,PHX1,ND,M04,F,49,4,3,513,EX,100,5,Y
M500068,DAL1,V1,M02,F,70,1,95,161,HB,1,5,Y
M500068,KCH1,PD,M04,F,47,5,245,490,EX,10,25,Y
M500069,PHX1,ND,M04,F,32,3,87,224,HB,10,50,N
M500069,AUS1,V1,M02,F,28,5,351,350,HB,1,5,Y
M500070,AUS1,VB,M01,F,89,5,332,441,FX,100,10,N
M500070,KCH1,ND,M02,F,72,3,404,787,HB,50,50,N
M500071,AUS1,PD,M01,F,35,3,335,210,FX,50,25,Y
M500071,MTY1,ND,M03,F,11,2,437,548,HB,50,50,Y
M500071,PHX1,VB,M04,F,27,4,401,570,HB,10,10,Y
M500072,AUS1,V1,M01,F,27,1,199,651,EX,1,5,Y
M500072,DAL1,PD,M01,F,29,2,113,379,EX,1,25,N
M500072,PHX1,V1,M01,F,27,1,327,506,HB,1,5,N
M500073,KCH1,V1,M03,F,7,2,493,283,EX,10,25,N
M500073,DAL1,V1,M02,F,2,3,259,109,FX,1,50,Y
M500073,PHX1,V1,M03,F,9,5,226,386,FX,100,5,N
M500073,AUS1,ND,M01,F,31,3,59,264,EX,100,5,N
M500073,MTY1,V1,M04,F,16,2,264,548,EX,50,5,Y
M500074,DAL1,VB,M02,F,16,4,182,159,EX,1,1,N
M500074,PHX1,PD,M01,F,33,3,190,635,HB,100,50,N
M500074,AUS1,VB,M03,F,33,3,113,768,FX,10,1,Y
M500075,AUS1,PD,M03,F,26,2,313,265,EX,50,5,Y
M500075,DAL1,V1,M02,F,23,3,217,215,HB,50,10,N
M500076,KCH1,ND,M02,F,58,5,264,546,FX,50,25,Y
M500076,AUS1,PD,M04,F,76,0,353,167,EX,10,10,Y
M500076,MTY1,PD,M04,F,85,5,171,266,HB,50,50,Y
M500077,PHX1,PD,M04,F,30,4,146,474,FX,10,5,Y
M500077,MTY1,ND,M04,F,23,0,40,165,HB,10,10,Y
M500077,KCH1,V1,M04,F,20,2,454,455,HB,100,25,Y
M500077,DAL1,VB,M02,F,3,5,128,761,FX,1,5,Y
M500078,PHX1,VB,M02,F,85,4,429,174,EX,1,10,N
M500078,DAL1,ND,M04,F,46,4,478,278,FX,100,5,N
M500078,AUS1,VB,M04,F,74,5,383,651,FX,100,50,Y
M500078,KCH1,V1,M03,F,73,3,276,232,EX,100,10,Y
M500078,MTY1,VB,M03,F,38,0,0,535,EX,50,10,Y
M500079,KCH1,VB,M03,F,85,2,332,760,FX,50,25,Y
M500079,DAL1,VB,M02,F,13,2,56,652,HB,100,10,N
M500079,MTY1,VB,M03,F,67,0,77,50,FX,1,5,N
M500079,AUS1,V1,M02,F,41,5,224,744,EX,10,1,Y
M500079,PHX1,VB,M03,F,68,3,159,510,HB,100,1,Y
M500080,KCH1,VB,M04,F,4,5,394,96,FX,10,25,Y
M500080,MTY1,V1,M02,F,21,5,372,43,FX,1,10,Y
M500080,AUS1,VB,M03,F,21,0,442,682,EX,1,5,Y
M500081,AUS1,V1,M01,F,16,0,182,660,EX,1,5,Y
M500081,DAL1,V1,M04,F,45,5,98,21,FX,100,10,N
M500081,MTY1,PD,M04,F,37,5,224,572,HB,100,5,Y
M500081,KCH1,V1,M03,F,74,5,239,281,FX,10,1,Y
M500082,PHX1,VB,M04,F,26,4,78,627,HB,50,25,Y
M500082,AUS1,PD,M01,F,9,0,427,132,EX,1,5,Y
M500082,MTY1,PD,M01,F,14,4,328,397,FX,100,50,Y
M500083,PHX1,V1,M01,F,6,1,491,531,EX,1,5,Y
M500083,AUS1,VB,M02,F,14,4,320,183,FX,100,1,N
M500083,MTY1,ND,M04,F,24,0,85,184,FX,100,50,Y
M500083,DAL1,ND,M03,F,12,2,281,332,HB,100,25,N
M500083,KCH1,VB,M02,F,22,3,392,563,FX,50,10,N
M500084,AUS1,PD,M04,F,8,2,79,141,HB,50,50,Y
M500084,PHX1,V1,M01,F,18,4,204,582,EX,1,10,N
M500084,KCH1,ND,M01,F,13,4,328,307,EX,100,1,N
M500084,MTY1,V1,M04,F,23,3,476,123,EX,1,25,Y
M500085,PHX1,ND,M01,F,7,4,204,268,EX,100,50,Y
M500085,KCH1,VB,M04,F,10,4,101,499,HB,10,50,Y
M500085,AUS1,VB,M02,F,35,0,136,795,HB,50,50,Y
M500085,MTY1,ND,M03,F,28,2,97,328,HB,1,10,Y
M500085,DAL1,ND,M02,F,24,3,22,239,EX,50,5,N
M500086,PHX1,VB,M03,F,15,4,247,637,FX,10,1,Y
M500086,DAL1,PD,M03,F,35,1,30,290,EX,50,1,Y
M500087,PHX1,VB,M02,F,7,4,494,468,FX,1,1,Y
M500087,KCH1,V1,M03,F,35,3,201,762,EX,1,10,N
M500088,DAL1,VB,M02,F,58,3,496,319,FX,50,25,Y
M500088,AUS1,VB,M02,F,31,1,158,705,FX,10,25,N
M500088,PHX1,VB,M03,F,23,0,285,545,FX,1,5,Y
M500088,MTY1,PD,M03,F,23,3,492,421,HB,100,10,Y
M500088,KCH1,PD,M02,F,29,1,13,780,FX,50,50,Y
M500089,KCH1,VB,M02,F,22,1,16,418,EX,50,25,Y
M500089,MTY1,VB,M02,F,90,0,90,449,FX,100,10,N
M500089,DAL1,ND,M04,F,36,0,311,752,HB,50,25,Y
M500090,MTY1,V1,M03,F,27,3,85,432,HB,1,50,N
M500090,AUS1,ND,M01,F,31,5,256,115,EX,10,25,Y
M500090,KCH1,PD,M02,F,30,3,302,729,EX,100,1,Y
M500090,DAL1,PD,M01,F,12,0,361,460,FX,50,1,Y
M500090,PHX1,VB,M04,F,26,4,194,44,EX,50,50,N
M500091,DAL1,PD,M04,F,18,3,437,510,FX,1,50,N
M500091,AUS1,VB,M04,F,17,3,209,452,EX,1,5,N
M500091,PHX1,VB,M01,F,19,1,75,56,FX,50,1,Y
M500092,KCH1,V1,M03,F,16,2,459,388,EX,100,50,Y
M500092,PHX1,VB,M01,F,65,5,440,281,HB,100,50,Y
M500092,AUS1,PD,M01,F,31,4,373,644,FX,1,25,N
M500093,KCH1,PD,M01,F,14,0,238,640,EX,10,50,N
M500093,DAL1,PD,M03,F,28,2,286,652,EX,1,5,N
M500093,PHX1,PD,M03,F,18,2,259,563,HB,1,1,N
M500093,AUS1,ND,M01,F,23,1,99,338,HB,100,25,N
M500093,MTY1,ND,M02,F,10,5,235,549,HB,100,25,N
M500094,MTY1,PD,M03,F,81,5,439,322,FX,1,10,Y
M500094,DAL1,VB,M03,F,68,3,424,309,EX,50,5,Y
M500094,PHX1,VB,M01,F,9,3,259,25,HB,10,5,Y
M500094,KCH1,V1,M03,F,66,1,393,100,FX,10,5,N
M500094,AUS1,ND,M01,F,63,0,159,45,FX,1,10,Y
M500095,KCH1,V1,M01,F,25,0,490,637,FX,1,5,Y
M500095,AUS1,V1,M03,F,75,1,482,721,HB,10,5,Y
M500095,DAL1,V1,M04,F,83,0,66,29,HB,1,1,Y
M500095,MTY1,ND,M04,F,16,1,360,610,FX,100,50,Y
M500096,KCH1,V1,M03,F,23,3,93,716,FX,50,10,Y
M500096,MTY1,PD,M04,F,8,0,179,490,HB,10,10,N
M500096,AUS1,VB,M01,F,82,3,418,731,EX,50,50,Y
M500096,PHX1,ND,M04,F,43,4,211,244,FX,10,50,Y
M500097,MTY1,ND,M03,F,9,4,49,455,EX,50,25,Y
M500097,KCH1,ND,M03,F,8,3,330,676,EX,1,5,N
M500098,KCH1,ND,M02,F,34,2,31,378,FX,1,1,N
M500098,PHX1,PD,M03,F,24,0,120,442,FX,100,10,N
M500098,AUS1,ND,M04,F,27,4,108,678,EX,100,5,Y
M500098,MTY1,V1,M04,F,26,1,147,686,EX,10,1,Y
M500099,MTY1,V1,M02,F,54,1,217,619,EX,100,5,N
M500099,DAL1,ND,M03,F,39,0,500,38,FX,100,10,Y
M500099,KCH1,PD,M02,F,66,5,374,539,HB,100,50,Y
M500099,PHX1,PD,M02,F,83,3,322,759,FX,1,50,N
M500099,AUS1,PD,M03,F,44,4,398,11,HB,100,50,N
M500100,MTY1,V1,M04,F,3,0,64,517,EX,50,10,Y
M500100,DAL1,V1,M03,F,19,0,379,114,FX,10,50,N
M500100,PHX1,V1,M02,F,30,2,400,717,EX,100,5,N
M500100,AUS1,V1,M01,F,4,1,304,157,HB,100,25,Y
M500100,KCH1,VB,M02,F,30,4,375,353,EX,50,1,Y
M500101,KCH1,PD,M01,F,35,4,326,362,HB,50,10,Y
M500101,MTY1,V1,M04,F,8,3,395,691,FX,10,50,N
M500101,PHX1,V1,M02,F,35,2,280,10,FX,1,1,Y
M500101,DAL1,PD,M04,F,8,2,112,742,HB,50,5,Y
M500102,AUS1,ND,M01,F,20,5,232,283,HB,50,10,Y
M500102,DAL1,V1,M01,F,6,3,198,340,EX,50,10,Y
M500102,KCH1,ND,M02,F,6,4,201,182,FX,100,1,Y
M500103,DAL1,V1,M04,F,11,4,1,527,FX,100,25,Y
M500103,AUS1,VB,M01,F,6,3,488,705,HB,1,50,Y
M500103,KCH1,V1,M03,F,24,3,28,647,FX,1,10,Y
M500103,MTY1,PD,M04,F,23,2,331,207,EX,1,25,N
M500103,PHX1,ND,M01,F,21,5,352,367,HB,1,25,N
M500104,AUS1,ND,M01,F,10,1,413,669,FX,100,50,Y
M500104,MTY1,VB,M01,F,79,0,376,144,HB,1,25,N
M500104,DAL1,PD,M02,F,84,5,332,133,EX,10,1,N
M500104,KCH1,ND,M02,F,17,4,32,108,EX,100,50,N
M500104,PHX1,PD,M02,F,33,3,172,755,FX,100,10,Y
M500105,KCH1,VB,M01,F,4,5,313,385,EX,1,25,Y
M500105,DAL1,VB,M01,F,2,5,333,607,HB,100,25,N
M500105,PHX1,VB,M03,F,15,4,230,421,EX,10,50,N
M500106,KCH1,VB,M01,F,5,1,350,485,HB,10,5,N
M500106,DAL1,PD,M03,F,4,2,107,445,HB,50,50,N
M500106,MTY1,PD,M01,F,31,5,26,550,EX,10,1,Y
M500107,KCH1,PD,M04,F,33,4,248,55,HB,10,5,N
M500107,DAL1,VB,M04,F,63,2,69,468,FX,10,10,N
M500107,MTY1,V1,M02,F,30,0,354,582,EX,50,5,Y
M500108,AUS1,VB,M04,F,33,3,142,14,FX,100,5,Y
M500108,KCH1,VB,M02,F,29,4,459,5,HB,1,1,N
M500108,PHX1,PD,M04,F,34,4,201,490,FX,1,25,Y
M500109,DAL1,ND,M02,F,63,5,207,189,HB,100,1,N
M500109,KCH1,ND,M03,F,14,4,16,303,HB,50,50,Y
M500109,PHX1,PD,M03,F,31,5,477,56,FX,50,1,Y
M500109,AUS1,ND,M01,F,51,2,187,179,FX,1,50,N
M500110,PHX1,PD,M01,F,40,2,176,463,HB,1,25,N
M500110,MTY1,V1,M04,F,73,4,188,689,FX,1,5,N
M500110,KCH1,PD,M01,F,63,3,459,183,HB,1,1,Y
M500110,DAL1,VB,M04,F,19,1,447,209,FX,1,10,Y
M500111,PHX1,V1,M02,F,31,2,87,266,EX,100,10,N
M500111,KCH1,VB,M03,F,5,2,233,170,FX,10,50,Y
M500111,MTY1,VB,M02,F,13,1,59,42,HB,10,25,Y
M500111,DAL1,VB,M01,F,13,5,162,352,EX,50,25,Y
M500112,PHX1,ND,M03,F,77,5,57,749,HB,1,5,N
M500112,KCH1,V1,M01,F,19,3,316,225,HB,50,1,Y
M500112,DAL1,VB,M02,F,82,2,100,23,EX,100,1,N
M500112,AUS1,VB,M04,F,55,2,308,619,FX,1,10,Y
M500113,KCH1,V1,M04,F,15,4,171,67,FX,100,1,Y
M500113,DAL1,ND,M02,F,19,4,236,727,FX,10,5,Y
M500113,PHX1,V1,M04,F,26,0,421,309,FX,50,25,Y
M500113,AUS1,VB,M01,F,31,0,78,268,HB,100,1,N
M500113,MTY1,ND,M02,F,20,3,464,704,FX,10,1,Y
M500114,PHX1,PD,M02,F,79,2,236,709,EX,50,5,Y
M500114,DAL1,ND,M03,F,51,0,148,298,FX,1,50,Y
M500115,MTY1,PD,M02,F,11,4,144,381,HB,100,10,N
M500115,PHX1,PD,M02,F,12,1,257,226,EX,1,25,Y
M500116,DAL1,VB,M02,F,33,5,116,314,EX,10,5,N
M500116,PHX1,PD,M01,F,59,0,396,495,HB,1,5,Y
M500116,AUS1,PD,M04,F,89,0,465,259,EX,1,10,N
M500116,KCH1,PD,M02,F,17,4,461,204,EX,50,1,Y
M500117,PHX1,PD,M02,F,2,4,435,724,HB,50,50,Y
M500117,DAL1,VB,M03,F,8,3,217,219,FX,10,25,Y
M500117,MTY1,PD,M04,F,22,0,266,139,HB,50,10,Y
M500118,DAL1,ND,M01,F,6,3,224,535,FX,1,1,Y
M500118,AUS1,PD,M02,F,56,0,186,203,HB,10,50,N
M500118,MTY1,PD,M02,F,56,3,371,511,HB,50,25,Y
M500118,PHX1,ND,M04,F,90,4,142,150,HB,1,1,Y
M500118,KCH1,VB,M02,F,68,0,50,755,EX,1,25,N
M500119,DAL1,V1,M03,F,34,4,279,18,EX,100,1,Y
M500119,PHX1,ND,M04,F,22,3,18,33,EX,50,5,Y
M500119,KCH1,V1,M04,F,10,3,391,112,FX,100,50,N
M500119,MTY1,ND,M02,F,32,4,28,400,HB,100,50,N
M500119,AUS1,V1,M03,F,24,0,14,604,EX,10,10,Y
M500120,MTY1,PD,M03,F,21,1,10,551,HB,1,25,N
M500120,AUS1,ND,M03,F,29,0,356,480,FX,1,10,Y
M500120,PHX1,V1,M01,F,26,3,51,707,FX,10,10,Y
M500120,KCH1,VB,M03,F,23,2,496,446,EX,100,1,N
M500121,AUS1,PD,M03,F,24,4,411,307,HB,50,5,Y
M500121,KCH1,ND,M02,F,18,0,321,720,FX,10,50,Y
M500121,DAL1,V1,M04,F,31,4,372,641,EX,10,10,Y
M500121,MTY1,VB,M03,F,17,3,210,326,EX,10,25,Y
M500122,KCH1,PD,M03,F,22,2,337,563,EX,1,25,N
M500122,AUS1,PD,M03,F,12,4,152,65,HB,50,1,Y
M500122,MTY1,VB,M01,F,22,4,376,512,EX,50,25,N
M500122,PHX1,PD,M03,F,35,2,426,598,FX,100,5,N
M500122,DAL1,VB,M01,F,32,1,109,281,HB,100,10,N
M500123,PHX1,VB,M03,F,90,4,196,316,FX,50,1,Y
M500123,MTY1,ND,M04,F,35,0,465,402,HB,50,1,N
M500123,AUS1,V1,M02,F,35,1,468,449,FX,50,25,N
M500123,KCH1,PD,M04,F,40,3,377,422,HB,100,1,N
M500123,DAL1,PD,M03,F,38,3,308,746,FX,50,25,N
M500124,MTY1,ND,M02,F,30,2,88,703,FX,50,10,Y
M500124,KCH1,V1,M02,F,28,3,448,386,FX,10,1,N
M500124,DAL1,PD,M04,F,16,1,134,718,EX,1,25,Y
M500125,DAL1,ND,M04,F,20,1,220,211,FX,10,10,N
M500125,MTY1,ND,M02,F,14,3,405,149,EX,50,10,Y
M500125,KCH1,VB,M03,F,30,4,350,662,HB,1,1,Y
M500126,KCH1,PD,M03,F,4,4,317,390,HB,100,10,Y
M500126,PHX1,VB,M03,F,4,1,257,504,HB,100,5,Y
M500126,MTY1,ND,M02,F,35,2,59,320,EX,10,25,N
M500127,AUS1,PD,M04,F,13,2,83,722,HB,100,1,N
M500127,DAL1,PD,M04,F,33,2,363,574,HB,100,25,Y
M500127,MTY1,PD,M03,F,11,0,104,290,EX,10,50,N
M500127,PHX1,PD,M02,F,15,3,471,78,EX,100,1,N
M500127,KCH1,V1,M01,F,3,3,191,604,EX,50,5,Y
M500128,AUS1,ND,M03,F,7,1,122,789,HB,1,1,N
M500128,KCH1,ND,M04,F,12,2,331,770,FX,10,1,Y
M500129,AUS1,PD,M01,F,29,4,174,474,FX,10,5,N
M500129,KCH1,PD,M03,F,35,3,223,81,HB,50,5,N
M500129,DAL1,VB,M04,F,21,2,291,48,FX,1,1,Y
M500129,MTY1,ND,M04,F,34,0,237,676,FX,50,10,Y
M500129,PHX1,PD,M01,F,7,5,338,473,EX,10,25,Y
M500130,AUS1,ND,M01,F,2,0,87,671,HB,100,25,N
M500130,KCH1,V1,M03,F,33,5,344,706,FX,100,10,Y
M500130,PHX1,PD,M02,F,10,0,417,16,FX,10,1,Y
M500130,MTY1,VB,M04,F,11,5,439,551,EX,1,10,N
M500131,MTY1,PD,M04,F,6,3,434,507,FX,50,1,Y
M500131,KCH1,ND,M02,F,67,5,31,540,EX,100,50,Y
M500131,AUS1,V1,M04,F,13,3,59,506,FX,50,25,N
M500131,DAL1,VB,M03,F,7,5,98,480,HB,100,5,Y
M500132,DAL1,VB,M02,F,10,1,310,503,EX,100,25,Y
M500132,MTY1,PD,M01,F,15,2,451,267,HB,10,5,N
M500132,KCH1,PD,M01,F,34,2,220,116,FX,10,1,Y
M500132,AUS1,V1,M03,F,33,2,393,47,FX,50,5,N
M500132,PHX1,PD,M01,F,34,3,409,468,EX,1,50,Y
M500133,AUS1,PD,M02,F,10,3,496,425,EX,10,25,Y
M500133,DAL1,VB,M01,F,34,2,190,732,HB,50,5,Y
M500133,PHX1,ND,M02,F,35,1,410,439,HB,100,25,N
M500133,KCH1,V1,M01,F,35,3,74,788,EX,1,1,Y
M500133,MTY1,VB,M04,F,27,0,201,777,EX,10,50,Y
M500134,PHX1,V1,M04,F,4,5,368,757,EX,50,5,Y
M500134,KCH1,V1,M02,F,21,0,14,552,FX,50,5,N
M500134,AUS1,ND,M01,F,21,5,30,381,HB,50,1,Y
M500134,DAL1,ND,M03,F,9,4,377,5,HB,50,5,N
M500134,MTY1,V1,M03,F,16,2,341,732,FX,10,25,Y
M500135,KCH1,V1,M04,F,14,4,286,531,HB,50,50,Y
M500135,DAL1,ND,M04,F,59,5,498,426,EX,10,50,Y
M500135,MTY1,VB,M01,F,63,5,108,466,HB,1,5,N
M500136,DAL1,V1,M02,F,21,1,419,757,HB,1,1,Y
M500136,KCH1,PD,M04,F,6,3,293,317,FX,100,10,N
M500136,AUS1,VB,M02,F,32,4,325,471,HB,100,5,N
M500137,MTY1,PD,M01,F,76,1,489,633,FX,1,50,Y
M500137,PHX1,PD,M01,F,65,5,479,544,EX,1,10,N
M500138,KCH1,VB,M03,F,17,1,93,261,EX,10,10,N
M500138,PHX1,PD,M03,F,26,1,13,730,EX,50,25,Y
M500138,AUS1,ND,M03,F,23,2,192,123,EX,10,5,N
M500138,MTY1,VB,M04,F,80,4,385,516,HB,1,10,Y
M500139,PHX1,VB,M02,F,7,2,276,172,EX,100,50,Y
M500139,KCH1,ND,M03,F,2,5,497,171,EX,1,25,Y
M500139,DAL1,ND,M03,F,18,5,108,599,FX,50,1,Y
M500140,PHX1,VB,M03,F,19,2,107,470,FX,50,1,N
M500140,MTY1,PD,M04,F,10,0,461,9,FX,10,25,Y
M500140,KCH1,ND,M01,F,33,5,333,79,FX,1,25,N
M500140,DAL1,ND,M03,F,24,3,90,786,FX,1,1,Y
M500141,DAL1,V1,M04,F,4,5,361,620,EX,1,5,N
M500141,KCH1,PD,M03,F,27,4,256,505,EX,10,50,N
M500141,MTY1,PD,M02,F,13,5,33,130,HB,10,50,N
M500142,KCH1,ND,M04,F,71,2,264,777,EX,10,1,Y
M500142,MTY1,ND,M03,F,58,0,200,199,HB,1,50,N
M500142,DAL1,ND,M01,F,33,1,100,168,HB,50,1,Y
M500142,AUS1,PD,M04,F,17,3,413,24,FX,50,10,Y
M500143,AUS1,ND,M03,F,4,5,33,130,EX,100,1,Y
M500143,MTY1,PD,M01,F,29,5,28,572,EX,50,25,Y
M500144,KCH1,PD,M01,F,14,0,304,730,EX,10,50,Y
M500144,PHX1,V1,M03,F,34,3,246,742,FX,100,5,Y
M500145,PHX1,VB,M01,F,35,1,259,572,EX,100,10,Y
M500145,MTY1,VB,M01,F,14,2,96,683,HB,100,50,N
M500145,DAL1,V1,M04,F,23,2,83,107,HB,1,25,Y
M500145,KCH1,VB,M02,F,2,3,319,218,EX,100,10,N
M500145,AUS1,VB,M04,F,26,1,422,6,HB,1,1,Y
M500146,DAL1,PD,M01,F,18,5,70,388,FX,1,10,N
M500146,AUS1,ND,M02,F,21,2,414,381,FX,10,50,N
M500146,KCH1,PD,M01,F,29,1,451,133,EX,10,50,Y
M500147,DAL1,PD,M02,F,32,4,198,769,FX,50,25,Y
M500147,KCH1,V1,M03,F,13,4,355,494,FX,100,25,Y
M500147,AUS1,PD,M02,F,27,1,458,207,HB,10,25,Y
M500147,PHX1,ND,M02,F,29,2,130,563,EX,10,1,Y
M500148,AUS1,V1,M01,F,6,2,431,513,FX,1,10,N
M500148,DAL1,PD,M01,F,8,2,19,559,EX,50,5,N
M500148,KCH1,V1,M03,F,18,1,361,618,EX,50,1,N
M500148,MTY1,V1,M04,F,20,3,420,593,FX,1,25,N
M500148,PHX1,ND,M02,F,11,1,370,767,EX,100,5,Y
M500149,MTY1,PD,M04,F,21,5,427,363,HB,10,25,Y
M500149,AUS1,V1,M03,F,27,4,11,581,EX,10,5,N
M500149,DAL1,ND,M04,F,23,1,485,400,EX,100,5,Y
M500149,KCH1,ND,M03,F,23,0,87,106,FX,10,1,N
M500149,PHX1,PD,M02,F,33,1,35,395,HB,10,5,Y
M500150,KCH1,VB,M03,F,10,3,418,726,FX,100,5,Y
M500150,DAL1,VB,M04,F,21,2,103,7,EX,100,1,N
M500151,KCH1,ND,M04,F,13,3,466,674,EX,1,25,N
M500151,DAL1,VB,M02,F,4,2,451,643,FX,50,1,N
M500151,MTY1,ND,M04,F,15,4,62,377,EX,1,50,N
M500151,AUS1,ND,M04,F,22,1,129,212,FX,1,25,Y
M500152,AUS1,ND,M03,F,10,1,87,18,FX,1,5,Y
M500152,MTY1,VB,M01,F,27,5,390,11,FX,50,5,Y
M500152,PHX1,VB,M01,F,13,5,272,221,HB,1,50,Y
M500152,KCH1,ND,M03,F,8,3,26,612,EX,1,25,N
M500152,DAL1,V1,M02,F,17,1,46,16,HB,1,1,Y
M500153,MTY1,VB,M02,F,20,0,182,331,EX,1,25,N
M500153,KCH1,ND,M02,F,6,3,112,67,FX,50,50,Y
M500153,DAL1,VB,M04,F,13,2,392,613,HB,1,50,N
M500154,KCH1,ND,M02,F,30,4,300,721,EX,10,1,Y
M500154,AUS1,V1,M02,F,9,5,219,775,EX,1,1,Y
M500154,DAL1,V1,M02,F,33,1,192,209,FX,1,5,N
M500154,MTY1,V1,M02,F,30,2,162,659,EX,100,10,N
M500155,MTY1,ND,M01,F,13,1,26,649,EX,10,5,Y
M500155,PHX1,VB,M02,F,80,4,40,436,FX,100,10,Y
M500155,AUS1,VB,M04,F,30,1,310,254,HB,50,50,Y
M500155,DAL1,VB,M03,F,86,3,40,368,HB,100,5,Y
M500155,KCH1,ND,M02,F,59,3,10,780,HB,100,1,N
M500156,KCH1,PD,M01,F,14,4,373,742,HB,100,25,N
M500156,DAL1,V1,M04,F,27,3,157,656,FX,1,25,N
M500156,AUS1,ND,M02,F,9,1,390,446,HB,50,50,N
M500157,PHX1,V1,M02,F,11,4,296,678,EX,1,1,N
M500157,KCH1,ND,M01,F,26,4,465,193,HB,10,25,Y
M500157,MTY1,ND,M03,F,21,5,210,770,FX,1,1,Y
M500158,DAL1,ND,M02,F,14,4,485,112,HB,10,5,Y
M500158,MTY1,VB,M03,F,13,3,225,641,FX,1,5,Y
M500158,KCH1,ND,M01,F,7,2,32,350,EX,10,25,Y
M500158,AUS1,PD,M01,F,8,2,384,7,FX,1,1,Y
M500158,PHX1,ND,M03,F,2,3,242,775,HB,100,10,Y
M500159,DAL1,V1,M04,F,17,4,351,674,HB,100,5,Y
M500159,AUS1,PD,M03,F,22,0,496,753,HB,100,5,Y
M500159,PHX1,PD,M03,F,27,3,480,487,FX,1,25,Y
M500159,KCH1,VB,M01,F,14,1,254,89,HB,100,5,N
M500159,MTY1,ND,M02,F,9,1,108,174,FX,1,1,Y
M500160,DAL1,ND,M04,F,26,1,114,265,EX,50,1,Y
M500160,AUS1,VB,M01,F,23,4,188,130,HB,100,50,N
M500160,PHX1,PD,M02,F,21,3,216,327,HB,10,50,N
M500160,MTY1,PD,M04,F,16,0,275,471,HB,10,10,N
M500161,PHX1,ND,M03,F,15,5,494,385,EX,50,5,N
M500161,KCH1,VB,M01,F,15,1,438,499,FX,100,10,N
M500162,DAL1,V1,M04,F,5,5,83,591,EX,100,25,Y
M500162,PHX1,VB,M02,F,11,5,100,752,FX,1,10,N
M500163,DAL1,ND,M04,F,17,2,352,610,EX,100,1,N
M500163,KCH1,V1,M04,F,26,2,5,122,EX,1,1,Y
M500163,AUS1,VB,M01,F,34,4,293,586,HB,50,1,N
M500163,PHX1,ND,M04,F,13,5,359,444,HB,10,1,Y
M500163,MTY1,ND,M01,F,13,3,284,549,FX,100,1,Y
M500164,MTY1,PD,M01,F,4,4,152,372,FX,10,25,N
M500164,PHX1,VB,M03,F,2,0,484,531,HB,100,5,Y
M500165,MTY1,ND,M01,F,10,4,130,266,HB,10,25,Y
M500165,PHX1,ND,M02,F,18,4,104,72,FX,50,5,N
M500165,DAL1,VB,M04,F,34,1,161,444,HB,1,50,Y
M500166,DAL1,ND,M01,F,80,4,178,717,FX,50,50,Y
M500166,PHX1,PD,M02,F,17,2,484,769,HB,10,10,N
M500167,PHX1,ND,M02,F,28,3,181,479,FX,50,10,N
M500167,DAL1,VB,M03,F,35,5,439,89,HB,100,10,N
M500168,KCH1,PD,M04,F,14,5,273,767,HB,10,50,N
M500168,AUS1,ND,M02,F,4,5,476,782,FX,10,5,Y
M500169,PHX1,V1,M01,F,15,3,456,632,HB,1,10,Y
M500169,MTY1,V1,M03,F,31,2,54,5,HB,10,25,Y
M500169,AUS1,ND,M04,F,8,1,43,541,FX,10,25,Y
M500169,KCH1,PD,M02,F,33,5,128,231,HB,100,10,Y
M500169,DAL1,VB,M03,F,29,0,224,672,HB,10,5,Y
M500170,PHX1,VB,M01,F,26,0,405,21,EX,10,10,Y
M500170,KCH1,PD,M03,F,17,3,499,611,FX,1,25,Y
M500170,MTY1,ND,M01,F,20,3,126,632,EX,10,5,Y
M500171,DAL1,PD,M03,F,56,1,475,149,HB,1,50,Y
M500171,AUS1,ND,M04,F,11,4,156,716,FX,10,5,Y
M500171,KCH1,PD,M04,F,66,5,26,311,EX,50,10,Y
M500172,KCH1,ND,M03,F,37,2,155,114,EX,1,50,N
M500172,DAL1,V1,M03,F,21,5,414,370,FX,50,5,N
M500173,AUS1,ND,M02,F,43,4,369,157,EX,10,5,Y
M500173,PHX1,V1,M03,F,37,3,322,734,EX,100,1,Y
M500174,DAL1,ND,M04,F,34,3,310,278,EX,10,1,Y
M500174,KCH1,PD,M04,F,15,4,362,737,FX,50,10,N
M500175,DAL1,V1,M03,F,88,2,42,722,FX,50,5,Y
M500175,AUS1,V1,M03,F,83,0,320,10,HB,10,10,Y
M500175,KCH1,PD,M04,F,7,5,131,641,FX,10,25,Y
M500176,DAL1,V1,M01,F,87,2,83,181,HB,10,1,Y
M500176,MTY1,VB,M04,F,59,5,496,412,EX,10,1,Y
M500176,AUS1,ND,M01,F,53,0,423,13,FX,1,5,Y
M500176,KCH1,V1,M02,F,15,5,307,13,EX,1,50,N
M500176,PHX1,PD,M02,F,48,1,245,777,FX,100,5,Y
M500177,DAL1,ND,M02,F,29,2,335,293,EX,100,1,Y
M500177,AUS1,VB,M01,F,9,2,182,78,FX,50,1,Y
M500177,KCH1,PD,M02,F,7,1,219,543,HB,10,25,Y
M500177,PHX1,V1,M03,F,21,0,138,511,FX,50,10,N
M500177,MTY1,PD,M02,F,6,5,75,327,EX,100,25,N
M500178,KCH1,VB,M02,F,23,3,214,562,HB,100,50,Y
M500178,MTY1,ND,M01,F,16,4,366,431,FX,10,1,Y
M500178,DAL1,VB,M01,F,2,2,285,485,EX,1,1,N
M500178,PHX1,VB,M03,F,25,3,73,564,HB,10,5,N
M500179,KCH1,VB,M03,F,8,1,40,250,EX,1,50,N
M500179,DAL1,VB,M02,F,58,3,380,143,FX,50,25,Y
M500180,MTY1,VB,M03,F,59,0,267,386,EX,10,25,Y
M500180,PHX1,ND,M02,F,33,5,499,572,FX,1,25,Y
M500180,KCH1,ND,M04,F,88,1,27,380,FX,100,5,Y
M500180,AUS1,PD,M03,F,18,4,398,343,EX,10,10,Y
M500181,AUS1,V1,M01,F,16,2,384,289,HB,10,10,N
M500181,PHX1,VB,M01,F,50,2,208,759,FX,1,50,N
M500182,MTY1,V1,M03,F,21,2,319,441,EX,100,5,Y
M500182,PHX1,PD,M02,F,83,4,321,509,EX,1,5,N
M500182,DAL1,PD,M04,F,44,0,232,321,EX,50,5,Y
M500183,MTY1,V1,M03,F,4,3,209,634,FX,10,25,Y
M500183,KCH1,V1,M01,F,22,5,211,518,HB,50,1,Y
M500184,AUS1,PD,M02,F,8,5,55,406,HB,10,25,Y
M500184,PHX1,V1,M04,F,22,1,359,759,HB,1,10,Y
M500184,DAL1,ND,M02,F,11,5,109,327,FX,1,50,N
M500184,KCH1,V1,M04,F,5,3,109,55,EX,1,25,Y
M500184,MTY1,PD,M02,F,13,0,140,414,EX,50,25,N
M500185,KCH1,PD,M02,F,26,0,370,683,FX,10,10,N
M500185,PHX1,PD,M02,F,22,3,478,151,HB,50,1,N
M500185,MTY1,V1,M01,F,28,3,482,128,FX,100,50,Y
M500186,PHX1,ND,M04,F,88,3,180,360,FX,100,50,N
M500186,AUS1,PD,M02,F,47,3,219,382,EX,10,50,Y
M500186,MTY1,ND,M03,F,41,5,317,101,EX,1,1,Y
M500186,DAL1,ND,M01,F,83,3,383,769,FX,1,25,Y
M500187,KCH1,V1,M03,F,34,5,135,314,HB,10,1,N
M500187,MTY1,PD,M01,F,28,0,78,383,FX,50,10,Y
M500187,AUS1,VB,M04,F,29,1,315,659,HB,1,50,Y
M500187,DAL1,VB,M04,F,26,2,264,162,HB,10,1,N
M500187,PHX1,PD,M04,F,10,5,469,266,FX,10,10,Y
M500188,KCH1,VB,M03,F,35,1,274,251,FX,100,10,N
M500188,PHX1,PD,M02,F,40,5,11,653,FX,1,1,Y
M500188,AUS1,PD,M01,F,81,1,144,268,EX,1,1,Y
M500189,DAL1,PD,M03,F,4,2,247,628,FX,1,5,Y
M500189,MTY1,PD,M02,F,18,4,15,548,EX,10,5,N
M500189,KCH1,VB,M01,F,9,2,70,225,EX,10,10,Y
M500189,AUS1,PD,M03,F,14,5,282,667,HB,100,25,Y
M500189,PHX1,VB,M03,F,27,1,101,703,FX,50,25,Y
M500190,KCH1,ND,M02,F,6,0,490,523,HB,100,10,Y
M500190,DAL1,V1,M04,F,35,0,58,184,HB,100,5,Y
M500190,PHX1,VB,M03,F,6,2,74,798,HB,1,1,Y
M500190,MTY1,V1,M02,F,2,3,290,329,EX,1,25,Y
M500190,AUS1,VB,M01,F,15,4,142,733,FX,1,50,N
M500191,MTY1,VB,M01,F,26,2,9,659,FX,1,25,Y
M500191,PHX1,PD,M01,F,27,2,330,16,EX,100,1,N
M500191,KCH1,V1,M03,F,28,2,385,354,HB,1,50,N
M500192,DAL1,PD,M01,F,25,2,452,44,EX,1,10,Y
M500192,AUS1,ND,M03,F,23,5,87,141,FX,100,1,Y
M500192,KCH1,ND,M04,F,11,5,62,534,FX,10,50,Y
M500193,AUS1,VB,M01,F,5,5,110,479,HB,10,25,Y
M500193,MTY1,V1,M03,F,15,5,232,671,EX,1,5,Y
M500193,DAL1,ND,M04,F,25,4,262,207,HB,10,1,Y
M500194,MTY1,PD,M03,F,75,3,108,154,HB,100,50,Y
M500194,KCH1,V1,M03,F,61,0,25,664,HB,100,5,Y
M500194,DAL1,VB,M03,F,56,4,311,505,FX,100,1,N
M500194,PHX1,VB,M01,F,87,1,58,54,EX,50,5,Y
M500194,AUS1,V1,M02,F,17,4,358,733,HB,100,25,Y
M500195,PHX1,VB,M03,F,12,3,72,13,FX,100,25,Y
M500195,DAL1,V1,M01,F,13,1,347,778,EX,50,25,Y
M500195,AUS1,VB,M04,F,33,0,23,17,FX,50,5,Y
M500195,KCH1,VB,M01,F,12,0,155,753,HB,100,25,N
M500195,MTY1,ND,M03,F,18,2,234,13,HB,50,10,N
M500196,AUS1,PD,M02,F,15,3,327,110,HB,100,50,Y
M500196,DAL1,V1,M04,F,24,4,213,282,HB,10,1,Y
M500196,PHX1,PD,M04,F,23,3,290,355,HB,1,1,Y
M500196,KCH1,ND,M02,F,11,4,494,296,FX,10,10,Y
M500196,MTY1,V1,M01,F,6,3,20,222,HB,1,1,Y
M500197,AUS1,ND,M01,F,30,2,112,32,HB,50,5,N
M500197,PHX1,ND,M04,F,86,3,495,100,HB,50,50,Y
M500197,MTY1,ND,M03,F,77,4,71,699,EX,50,5,Y
M500198,MTY1,ND,M04,F,59,3,236,28,FX,1,25,Y
M500198,PHX1,V1,M02,F,22,4,262,382,EX,50,1,N
M500198,DAL1,VB,M04,F,55,5,3,473,FX,100,1,Y
M500198,KCH1,PD,M03,F,39,4,49,297,FX,100,10,N
M500199,AUS1,PD,M01,F,19,1,309,123,FX,1,5,Y
M500199,KCH1,PD,M04,F,65,3,28,124,HB,100,25,N
M500199,PHX1,V1,M04,F,35,5,315,126,HB,10,1,Y
M500199,MTY1,VB,M02,F,89,4,379,716,FX,10,25,Y
M500200,AUS1,ND,M01,F,87,2,492,142,HB,100,10,Y
M500200,KCH1,V1,M02,F,25,2,462,723,FX,100,50,Y
M500200,MTY1,VB,M03,F,88,5,368,576,HB,100,5,Y
M500200,DAL1,V1,M04,F,89,0,469,660,HB,100,25,Y
M500200,PHX1,V1,M02,F,28,5,165,602,FX,50,50,Y
M500201,AUS1,ND,M01,F,26,0,313,256,EX,1,1,Y
M500201,DAL1,PD,M02,F,25,2,55,715,HB,100,5,N
M500201,PHX1,VB,M03,F,14,3,224,695,HB,10,5,N
M500202,MTY1,VB,M04,F,14,4,180,365,FX,10,1,Y
M500202,AUS1,PD,M01,F,26,1,400,529,HB,1,1,Y
M500202,DAL1,V1,M01,F,5,1,420,296,HB,100,10,Y
M500202,KCH1,V1,M01,F,12,4,294,247,FX,50,25,Y
M500202,PHX1,ND,M03,F,9,5,15,33,HB,100,10,Y
M500203,MTY1,V1,M01,F,10,0,18,508,FX,10,10,Y
M500203,KCH1,VB,M01,F,21,0,13,792,EX,100,1,Y
M500204,DAL1,VB,M01,F,35,4,5,232,HB,1,1,N
M500204,PHX1,PD,M01,F,36,0,64,449,EX,50,1,Y
M500204,MTY1,VB,M03,F,82,1,310,407,HB,1,1,Y
M500204,AUS1,VB,M04,F,74,5,376,365,EX,100,10,N
M500205,PHX1,VB,M01,F,21,2,371,145,EX,10,25,Y
M500205,AUS1,PD,M01,F,31,3,428,34,HB,50,50,Y
M500205,KCH1,PD,M03,F,7,4,196,507,EX,100,25,Y
M500205,MTY1,VB,M04,F,16,1,337,441,FX,1,10,Y
M500205,DAL1,PD,M03,F,24,2,414,771,FX,10,1,Y
M500206,DAL1,PD,M03,F,10,5,486,280,EX,10,50,Y
M500206,KCH1,PD,M03,F,27,2,137,675,HB,1,1,Y
M500206,MTY1,V1,M02,F,22,3,236,17,HB,1,25,Y
M500206,AUS1,ND,M02,F,24,3,29,593,EX,50,50,Y
M500207,AUS1,ND,M03,F,34,0,283,734,EX,1,10,N
M500207,DAL1,V1,M01,F,3,4,120,358,EX,1,50,Y
M500208,PHX1,PD,M03,F,25,1,466,605,EX,1,50,Y
M500208,KCH1,V1,M02,F,22,3,425,596,EX,10,25,N
M500208,DAL1,PD,M02,F,7,4,257,588,FX,100,50,N
M500208,AUS1,PD,M04,F,35,5,268,532,HB,50,10,Y
M500208,MTY1,VB,M03,F,20,1,409,786,HB,10,25,Y
M500209,DAL1,V1,M03,F,10,2,160,120,EX,100,25,Y
M500209,MTY1,ND,M02,F,11,1,448,464,EX,10,1,Y
M500209,PHX1,PD,M02,F,32,0,426,441,EX,10,1,Y
M500209,AUS1,ND,M04,F,35,2,65,411,FX,10,10,Y
M500209,KCH1,PD,M01,F,23,0,378,363,HB,100,25,N
M500210,KCH1,VB,M03,F,8,3,174,49,FX,100,10,Y
M500210,PHX1,VB,M02,F,22,0,416,752,FX,10,25,Y
M500210,DAL1,PD,M03,F,22,2,84,121,HB,50,25,Y
M500210,AUS1,V1,M03,F,12,4,385,108,EX,50,5,Y
M500210,MTY1,VB,M01,F,34,4,462,40,FX,10,1,Y
M500211,KCH1,V1,M01,F,9,5,406,227,FX,1,10,Y
M500211,PHX1,V1,M04,F,23,5,376,525,FX,1,10,N
M500211,AUS1,ND,M01,F,4,5,406,533,HB,10,50,N
M500211,MTY1,PD,M02,F,4,1,300,385,EX,10,10,Y
M500211,DAL1,VB,M04,F,33,2,67,203,FX,1,50,N
M500212,KCH1,ND,M04,F,20,5,200,612,HB,100,10,Y
M500212,DAL1,V1,M04,F,9,3,166,253,FX,100,1,Y
M500212,MTY1,PD,M03,F,22,5,203,721,EX,100,25,Y
M500212,AUS1,PD,M03,F,17,2,259,220,HB,1,50,N
M500213,KCH1,VB,M01,F,73,4,312,337,EX,1,1,N
M500213,MTY1,V1,M03,F,16,4,32,670,EX,10,10,Y
M500213,AUS1,ND,M02,F,25,2,410,165,HB,50,25,Y
M500213,PHX1,PD,M01,F,36,0,386,539,EX,100,25,Y
M500214,AUS1,PD,M02,F,7,0,376,602,HB,10,50,N
M500214,MTY1,ND,M01,F,46,2,140,469,EX,1,10,N
M500214,KCH1,ND,M04,F,78,2,219,95,EX,100,50,Y
M500214,DAL1,VB,M04,F,41,0,254,745,HB,50,50,N
M500215,MTY1,VB,M01,F,32,3,129,421,HB,50,5,Y
M500215,DAL1,PD,M03,F,28,5,107,773,FX,100,50,Y
M500215,AUS1,V1,M04,F,17,5,247,526,FX,1,1,Y
M500215,PHX1,ND,M02,F,6,0,82,532,FX,1,5,Y
M500215,KCH1,PD,M04,F,9,3,87,641,FX,100,5,N
M500216,DAL1,V1,M03,F,15,3,236,215,HB,10,5,Y
M500216,PHX1,PD,M03,F,32,3,91,153,HB,1,1,Y
M500216,KCH1,VB,M01,F,14,4,234,338,EX,1,50,Y
M500217,PHX1,VB,M01,F,14,5,110,286,EX,50,50,Y
M500217,KCH1,ND,M03,F,71,4,395,606,FX,50,50,N
M500217,DAL1,VB,M02,F,65,0,401,237,EX,1,50,Y
M500217,AUS1,ND,M01,F,26,2,39,53,EX,100,25,N
M500218,DAL1,ND,M04,F,23,3,355,256,FX,1,50,N
M500218,PHX1,V1,M02,F,88,0,443,374,HB,50,25,Y
M500218,KCH1,VB,M04,F,76,2,91,765,EX,10,25,Y
M500219,AUS1,ND,M04,F,65,1,242,767,FX,1,1,Y
M500219,PHX1,VB,M02,F,83,1,42,429,EX,1,25,Y
M500219,DAL1,V1,M01,F,12,4,142,198,FX,1,10,N
M500219,MTY1,VB,M03,F,45,4,7,680,HB,100,1,Y
M500219,KCH1,VB,M03,F,69,0,88,454,EX,50,50,Y
M500220,AUS1,V1,M01,F,13,1,403,10,EX,50,25,Y
M500220,MTY1,V1,M02,F,17,5,386,755,EX,50,1,Y
M500220,KCH1,VB,M03,F,20,1,289,323,HB,10,5,Y
M500220,PHX1,VB,M03,F,14,2,357,450,HB,1,25,Y
M500220,DAL1,V1,M04,F,25,5,351,174,EX,100,5,Y
M500221,PHX1,PD,M01,F,38,4,337,646,EX,100,5,Y
M500221,DAL1,V1,M04,F,46,5,301,34,HB,1,10,N
M500221,KCH1,VB,M04,F,6,3,171,344,FX,1,5,N
M500222,PHX1,PD,M02,F,43,4,55,431,HB,50,50,Y
M500222,MTY1,VB,M02,F,8,2,453,611,FX,10,50,N
M500222,DAL1,V1,M01,F,21,0,158,784,EX,50,25,Y
M500222,KCH1,PD,M02,F,63,1,452,176,HB,50,1,Y
M500223,DAL1,PD,M04,F,17,1,162,781,EX,100,10,N
M500223,KCH1,ND,M01,F,29,2,250,685,FX,1,5,N
M500223,PHX1,VB,M03,F,13,2,174,513,EX,100,1,Y
M500223,MTY1,ND,M02,F,10,0,108,309,HB,1,10,Y
M500223,AUS1,ND,M02,F,13,2,159,396,FX,100,1,Y
M500224,KCH1,V1,M04,F,5,2,379,649,EX,100,50,Y
M500224,AUS1,V1,M03,F,32,0,402,183,HB,100,1,Y
M500224,DAL1,V1,M02,F,23,4,416,629,FX,100,25,Y
M500224,PHX1,PD,M01,F,20,3,235,375,EX,50,10,Y
M500224,MTY1,PD,M03,F,20,1,150,365,HB,1,25,Y
M500225,PHX1,ND,M01,F,35,0,167,381,EX,10,50,N
M500225,KCH1,ND,M01,F,8,2,474,652,FX,50,25,Y
M500225,MTY1,V1,M01,F,13,3,494,119,EX,50,10,Y
M500225,AUS1,PD,M03,F,17,4,242,220,HB,50,5,Y
M500226,AUS1,VB,M01,F,22,4,147,745,FX,100,50,Y
M500226,DAL1,ND,M04,F,23,4,6,351,HB,50,10,N
M500226,MTY1,ND,M04,F,11,1,272,714,EX,100,10,Y
M500226,PHX1,ND,M03,F,7,0,106,765,FX,50,10,Y
M500227,DAL1,PD,M01,F,82,3,111,216,EX,50,5,N
M500227,KCH1,ND,M03,F,56,1,214,613,HB,50,10,Y
M500227,PHX1,V1,M04,F,90,1,439,413,HB,100,10,N
M500227,AUS1,VB,M02,F,62,3,147,3,FX,50,25,N
M500227,MTY1,ND,M04,F,17,3,210,193,FX,1,50,Y
M500228,MTY1,VB,M04,F,17,5,471,204,HB,10,10,Y
M500228,DAL1,VB,M04,F,3,3,125,700,FX,100,5,N
M500228,AUS1,PD,M03,F,31,1,125,473,FX,1,1,N
M500228,KCH1,ND,M04,F,28,0,400,427,HB,1,50,Y
M500228,PHX1,ND,M04,F,3,5,30,299,HB,1,10,Y
M500229,PHX1,PD,M03,F,18,5,355,75,HB,100,5,N
M500229,DAL1,V1,M04,F,23,2,403,461,FX,50,50,Y
M500229,AUS1,VB,M02,F,4,4,147,26,EX,50,50,Y
M500229,KCH1,V1,M02,F,20,4,324,312,HB,100,10,Y
M500229,MTY1,VB,M03,F,10,3,131,652,EX,1,5,Y
M500230,MTY1,ND,M04,F,52,5,86,537,HB,10,25,N
M500230,PHX1,PD,M03,F,6,1,158,211,EX,10,10,Y
M500230,KCH1,VB,M03,F,20,3,235,583,FX,1,50,N
M500231,AUS1,VB,M02,F,35,2,408,757,EX,10,5,N
M500231,KCH1,VB,M01,F,31,4,136,565,HB,1,5,N
M500232,AUS1,PD,M04,F,30,1,51,555,FX,10,50,Y
M500232,DAL1,ND,M01,F,2,5,453,453,FX,10,50,N
M500232,KCH1,PD,M03,F,31,3,307,277,HB,10,10,Y
M500232,MTY1,V1,M03,F,34,2,444,544,EX,50,10,N
M500233,AUS1,PD,M02,F,14,1,157,513,HB,50,50,Y
M500233,KCH1,VB,M02,F,21,2,80,196,HB,10,5,Y
M500233,DAL1,V1,M04,F,12,5,304,426,FX,50,5,N
M500233,MTY1,V1,M03,F,32,1,156,341,FX,50,10,Y
M500234,PHX1,ND,M03,F,29,4,286,756,EX,10,50,Y
M500234,MTY1,PD,M01,F,19,1,82,333,FX,100,50,Y
M500234,AUS1,ND,M04,F,4,1,143,621,FX,100,1,Y
M500234,DAL1,V1,M03,F,23,3,472,291,EX,100,5,N
M500235,MTY1,PD,M03,F,22,2,463,791,HB,10,5,Y
M500235,PHX1,ND,M03,F,34,2,101,693,FX,50,10,Y
M500235,KCH1,VB,M01,F,7,5,210,437,HB,100,1,N
M500235,AUS1,V1,M01,F,12,4,223,32,FX,50,50,Y
M500236,AUS1,ND,M02,F,31,5,169,74,EX,50,25,Y
M500236,KCH1,PD,M04,F,29,4,150,6,FX,100,1,Y
M500236,DAL1,ND,M02,F,22,2,438,228,FX,50,50,Y
M500237,DAL1,V1,M03,F,6,1,336,213,EX,50,5,Y
M500237,PHX1,VB,M02,F,19,2,13,140,HB,1,25,Y
M500238,DAL1,ND,M03,F,9,5,162,425,EX,10,1,N
M500238,MTY1,ND,M03,F,25,4,57,467,EX,1,25,N
M500239,KCH1,VB,M02,F,11,4,4,131,FX,10,5,N
M500239,AUS1,PD,M02,F,4,5,338,300,HB,100,5,Y
M500239,DAL1,VB,M02,F,13,2,450,112,EX,1,25,Y
M500239,PHX1,V1,M03,F,27,4,164,29,EX,50,1,N
M500239,MTY1,VB,M04,F,4,0,276,386,FX,10,5,Y
M500240,PHX1,V1,M02,F,65,2,336,552,HB,1,25,Y
M500240,KCH1,VB,M02,F,78,1,263,132,EX,10,1,N
M500241,DAL1,PD,M04,F,11,5,24,202,EX,1,5,Y
M500241,PHX1,VB,M04,F,17,2,5,585,HB,100,10,Y
M500241,MTY1,ND,M02,F,27,3,318,269,FX,100,1,N
M500241,KCH1,V1,M03,F,34,1,130,349,HB,100,1,N
M500242,DAL1,PD,M02,F,60,3,419,523,EX,10,5,N
M500242,PHX1,V1,M02,F,30,4,440,543,FX,1,50,Y
M500242,MTY1,VB,M03,F,34,1,51,696,EX,10,5,Y
M500242,KCH1,ND,M02,F,83,2,25,410,HB,100,50,N
M500243,AUS1,VB,M04,F,10,1,391,248,HB,10,25,Y
M500243,KCH1,VB,M03,F,14,0,115,282,EX,100,1,N
M500244,DAL1,PD,M03,F,11,2,486,41,HB,50,1,Y
M500244,KCH1,VB,M04,F,29,2,115,535,EX,1,50,N
M500244,MTY1,VB,M04,F,25,5,493,442,HB,1,1,N
M500244,AUS1,V1,M03,F,19,5,260,336,HB,50,10,Y
M500244,PHX1,ND,M02,F,8,4,253,226,FX,100,10,Y
M500245,AUS1,ND,M04,F,25,5,381,40,HB,100,25,Y
M500245,DAL1,PD,M04,F,35,5,381,796,HB,1,5,Y
M500246,PHX1,V1,M02,F,86,1,285,789,FX,50,25,N
M500246,KCH1,ND,M01,F,27,2,180,631,FX,10,10,N
M500247,KCH1,PD,M01,F,46,1,297,317,FX,50,50,Y
M500247,PHX1,PD,M02,F,55,0,46,728,FX,100,10,Y
M500247,AUS1,V1,M04,F,48,1,471,394,EX,50,50,Y
M500247,MTY1,V1,M02,F,15,3,422,41,EX,10,10,Y
M500248,KCH1,ND,M04,F,79,5,133,723,HB,50,25,Y
M500248,DAL1,V1,M03,F,35,0,490,709,EX,50,5,N
M500248,PHX1,VB,M01,F,79,4,362,487,FX,50,1,N
M500249,AUS1,V1,M04,F,5,5,75,65,FX,50,1,N
M500249,KCH1,V1,M01,F,19,5,306,502,HB,10,25,Y
M500249,PHX1,V1,M03,F,30,2,119,583,FX,100,5,N
M500250,DAL1,ND,M01,F,3,2,45,96,HB,100,25,Y
M500250,MTY1,VB,M03,F,32,1,49,318,HB,10,25,N
M500250,AUS1,PD,M02,F,33,2,205,205,EX,50,1,Y
M500251,AUS1,ND,M02,F,14,4,111,353,EX,10,50,Y
M500251,PHX1,ND,M02,F,13,4,76,455,EX,1,50,N
M500251,MTY1,V1,M03,F,9,0,178,699,EX,10,1,Y
M500251,KCH1,V1,M04,F,11,5,280,398,HB,1,50,Y
M500252,MTY1,V1,M04,F,89,4,329,205,HB,50,5,Y
M500252,AUS1,V1,M04,F,30,3,222,386,EX,100,1,Y
M500253,PHX1,V1,M01,F,87,4,14,48,HB,100,5,Y
M500253,DAL1,PD,M04,F,73,5,260,536,EX,50,1,N
M500254,PHX1,V1,M02,F,35,3,423,233,HB,100,1,Y
M500254,AUS1,VB,M03,F,81,3,348,584,FX,50,5,N
M500255,KCH1,VB,M02,F,30,0,326,117,EX,10,25,Y
M500255,AUS1,VB,M03,F,22,5,366,711,HB,50,50,Y
M500256,KCH1,PD,M02,F,8,0,426,397,EX,1,1,Y
M500256,MTY1,ND,M02,F,25,3,305,787,EX,10,5,N
M500257,DAL1,VB,M03,F,85,5,369,449,EX,100,1,N
M500257,MTY1,V1,M02,F,82,1,280,325,EX,1,1,Y
M500258,DAL1,PD,M04,F,6,4,330,395,HB,100,25,N
M500258,AUS1,ND,M03,F,17,2,325,465,HB,10,25,Y
M500259,DAL1,ND,M02,F,16,5,180,213,HB,100,25,Y
M500259,AUS1,ND,M04,F,30,3,186,345,HB,100,5,N
M500259,MTY1,VB,M02,F,15,5,97,582,EX,50,25,Y
M500259,PHX1,V1,M03,F,28,1,201,144,HB,1,50,N
M500260,DAL1,VB,M03,F,77,5,348,576,EX,100,50,N
M500260,KCH1,VB,M04,F,30,2,239,251,FX,10,25,Y
M500261,DAL1,V1,M03,F,6,4,463,457,HB,50,5,Y
M500261,MTY1,VB,M02,F,8,1,212,121,FX,100,5,Y
M500261,AUS1,V1,M02,F,32,0,339,150,HB,1,1,Y
M500261,KCH1,ND,M04,F,26,3,87,785,EX,50,25,Y
M500262,DAL1,PD,M03,F,42,4,409,506,EX,100,5,Y
M500262,AUS1,VB,M03,F,37,4,462,24,HB,50,5,Y
M500262,PHX1,V1,M03,F,35,3,221,345,EX,50,25,N
M500262,KCH1,PD,M02,F,47,4,5,752,FX,1,10,Y
M500262,MTY1,ND,M04,F,65,0,355,688,HB,100,10,Y
M500263,AUS1,VB,M01,F,8,1,191,66,EX,10,1,N
M500263,DAL1,PD,M03,F,2,4,36,159,FX,100,10,N
M500264,DAL1,ND,M03,F,15,5,271,197,HB,10,25,Y
M500264,AUS1,ND,M03,F,28,5,346,606,EX,100,5,Y
M500264,PHX1,VB,M02,F,15,2,73,555,FX,10,1,N
M500265,PHX1,V1,M03,F,88,1,33,63,EX,100,10,N
M500265,DAL1,ND,M01,F,12,5,391,733,HB,1,1,Y
M500265,MTY1,PD,M03,F,51,5,429,326,HB,50,25,Y
M500265,AUS1,ND,M03,F,43,4,381,194,EX,10,1,N
M500266,KCH1,VB,M02,F,29,4,484,188,EX,1,1,Y
M500266,PHX1,V1,M03,F,11,1,11,509,HB,10,10,N
M500266,AUS1,VB,M02,F,19,3,310,741,HB,100,25,N
M500267,KCH1,VB,M03,F,44,5,159,700,FX,100,50,Y
M500267,MTY1,V1,M03,F,21,5,191,705,EX,50,50,N
M500267,AUS1,PD,M04,F,13,2,213,252,EX,50,5,N
M500268,DAL1,PD,M03,F,32,4,450,97,HB,10,50,Y
M500268,KCH1,ND,M04,F,35,4,461,745,HB,1,25,Y
M500268,PHX1,V1,M02,F,14,2,434,796,EX,100,5,Y
M500269,MTY1,VB,M03,F,12,1,404,385,HB,1,10,Y
M500269,AUS1,V1,M01,F,23,0,333,659,HB,1,10,Y
M500269,DAL1,ND,M04,F,23,4,80,608,HB,50,1,N
M500270,DAL1,ND,M03,F,3,3,91,334,FX,1,10,Y
M500270,PHX1,PD,M02,F,4,3,32,69,EX,10,1,Y
M500270,KCH1,PD,M03,F,17,2,173,83,HB,50,1,Y
M500270,MTY1,ND,M04,F,5,5,79,561,EX,10,25,Y
M500271,DAL1,ND,M01,F,26,4,391,296,HB,1,25,Y
M500271,PHX1,VB,M01,F,4,1,117,596,HB,1,10,N
M500271,MTY1,VB,M04,F,25,1,77,549,EX,50,10,Y
M500272,DAL1,VB,M02,F,8,4,376,765,HB,10,50,N
M500272,MTY1,ND,M01,F,25,5,320,235,FX,50,5,Y
M500272,AUS1,PD,M02,F,21,1,440,341,EX,100,25,N
M500272,PHX1,ND,M02,F,31,3,245,574,FX,50,5,Y
M500272,KCH1,PD,M01,F,8,4,25,11,HB,1,10,Y
M500273,AUS1,ND,M02,F,18,0,470,651,FX,1,25,Y
M500273,MTY1,PD,M02,F,9,3,445,593,FX,50,10,Y
M500273,DAL1,PD,M02,F,32,1,33,407,FX,100,1,Y
M500273,KCH1,ND,M04,F,29,1,498,13,FX,1,1,N
M500274,MTY1,PD,M03,F,25,3,420,483,FX,10,10,N
M500274,KCH1,VB,M03,F,25,5,327,355,HB,10,50,Y
M500274,AUS1,V1,M03,F,31,1,416,688,HB,100,10,N
M500274,PHX1,V1,M02,F,7,2,473,367,FX,100,25,N
M500274,DAL1,PD,M03,F,12,4,470,640,EX,50,50,Y
M500275,PHX1,V1,M04,F,22,4,336,402,EX,50,25,N
M500275,KCH1,VB,M04,F,8,1,427,710,EX,1,50,N
M500275,AUS1,VB,M01,F,33,5,486,313,EX,100,10,N
M500276,AUS1,V1,M04,F,15,4,301,489,FX,1,25,N
M500276,PHX1,V1,M03,F,33,0,130,717,HB,100,50,N
M500276,DAL1,V1,M04,F,29,0,194,39,HB,1,25,Y
M500276,KCH1,PD,M02,F,7,5,425,732,FX,1,25,Y
M500276,MTY1,VB,M04,F,23,0,165,317,FX,100,5,Y
M500277,PHX1,ND,M02,F,71,3,150,166,EX,50,50,Y
M500277,AUS1,VB,M01,F,19,1,246,497,EX,1,25,N
M500278,AUS1,VB,M01,F,10,3,254,375,FX,100,1,N
M500278,DAL1,PD,M04,F,25,3,17,285,HB,100,1,Y
M500279,MTY1,VB,M04,F,13,0,286,40,EX,10,5,Y
M500279,PHX1,PD,M03,F,55,0,261,12,EX,50,50,Y
M500279,KCH1,VB,M03,F,43,1,440,491,EX,10,25,Y
M500279,DAL1,PD,M02,F,32,3,283,648,FX,1,5,N
M500279,AUS1,VB,M01,F,70,3,262,74,FX,10,5,Y
M500280,DAL1,ND,M02,F,34,1,306,533,HB,100,1,Y
M500280,KCH1,ND,M01,F,3,4,43,721,EX,1,10,Y
M500280,PHX1,ND,M03,F,19,2,428,548,FX,50,10,N
M500281,PHX1,V1,M02,F,22,4,97,356,HB,10,10,Y
M500281,MTY1,V1,M03,F,28,4,217,685,FX,10,50,N
M500281,DAL1,V1,M02,F,10,5,351,370,FX,50,5,N
M500281,AUS1,VB,M01,F,35,5,370,298,FX,10,5,Y
M500282,PHX1,ND,M01,F,26,0,96,260,HB,100,50,Y
M500282,AUS1,ND,M02,F,19,2,26,437,FX,100,50,Y
M500283,DAL1,PD,M01,F,15,0,57,345,FX,50,10,Y
M500283,AUS1,VB,M03,F,16,4,181,242,EX,1,50,Y
M500283,PHX1,VB,M04,F,16,1,277,631,EX,10,1,Y
M500283,MTY1,ND,M01,F,19,0,126,416,EX,10,25,Y
M500284,KCH1,VB,M04,F,30,4,384,389,EX,50,5,N
M500284,MTY1,ND,M03,F,33,2,10,511,FX,100,25,Y
M500285,KCH1,PD,M04,F,17,5,409,22,HB,50,10,Y
M500285,MTY1,ND,M04,F,33,3,45,447,HB,50,5,Y
M500285,AUS1,ND,M02,F,18,1,112,599,FX,10,1,N
M500286,KCH1,ND,M03,F,16,1,266,68,EX,1,50,Y
M500286,PHX1,V1,M04,F,13,3,458,171,EX,1,5,Y
M500286,AUS1,PD,M01,F,6,2,418,183,FX,1,25,Y
M500287,KCH1,PD,M04,F,12,1,433,135,EX,50,50,N
M500287,DAL1,VB,M04,F,31,1,363,112,FX,10,5,Y
M500288,MTY1,ND,M02,F,35,4,439,511,EX,1,5,Y
M500288,PHX1,V1,M01,F,25,4,462,422,HB,100,10,Y
M500288,KCH1,ND,M02,F,22,0,110,445,FX,10,25,N
M500288,DAL1,V1,M04,F,10,1,72,16,EX,100,10,Y
M500288,AUS1,ND,M03,F,31,1,237,133,HB,1,5,N
M500289,AUS1,V1,M02,F,14,0,51,149,FX,50,1,Y
M500289,KCH1,V1,M01,F,15,3,206,342,FX,100,10,Y
M500289,MTY1,V1,M01,F,20,4,299,126,HB,100,25,N
M500289,DAL1,PD,M02,F,4,3,169,676,FX,100,10,Y
M500289,PHX1,PD,M04,F,14,2,201,225,EX,1,10,Y
M500290,KCH1,ND,M03,F,90,4,372,381,HB,50,50,Y
M500290,AUS1,V1,M02,F,47,5,349,733,FX,50,50,N
M500290,MTY1,VB,M01,F,36,3,247,278,HB,50,25,N
M500291,AUS1,ND,M03,F,27,2,41,248,EX,100,1,N
M500291,PHX1,ND,M04,F,5,3,78,424,HB,1,10,N
M500291,DAL1,V1,M02,F,9,3,450,503,HB,10,25,Y
M500292,AUS1,PD,M02,F,27,2,431,375,FX,50,50,Y
M500292,MTY1,V1,M03,F,26,0,19,596,EX,1,50,Y
M500292,DAL1,VB,M04,F,29,3,55,273,FX,50,50,N
M500293,AUS1,ND,M03,F,65,4,156,300,FX,100,25,N
M500293,KCH1,V1,M03,F,35,1,123,472,EX,10,1,Y
M500293,DAL1,PD,M02,F,80,0,229,129,EX,1,10,N
M500293,MTY1,VB,M04,F,45,3,209,125,FX,50,5,N
M500294,PHX1,VB,M01,F,22,1,488,256,HB,1,25,N
M500294,KCH1,VB,M01,F,23,1,122,525,FX,100,10,N
M500294,AUS1,ND,M01,F,13,0,323,369,FX,50,50,Y
M500294,DAL1,PD,M04,F,2,4,103,216,EX,50,50,Y
M500294,MTY1,VB,M04,F,27,5,409,40,HB,50,50,N
M500295,MTY1,PD,M02,F,21,5,463,593,HB,100,10,Y
M500295,DAL1,PD,M02,F,16,3,122,406,EX,100,1,N
M500295,KCH1,ND,M01,F,19,4,444,750,FX,50,50,N
M500295,PHX1,VB,M03,F,33,0,437,240,HB,50,5,Y
M500296,KCH1,V1,M01,F,25,2,158,555,FX,1,1,N
M500296,DAL1,PD,M02,F,20,0,398,788,HB,10,1,N
M500296,MTY1,PD,M04,F,48,4,62,492,FX,50,1,Y
M500296,AUS1,V1,M02,F,16,3,412,193,FX,50,1,N
M500297,KCH1,VB,M02,F,15,4,326,495,FX,1,5,N
M500297,MTY1,ND,M04,F,33,2,328,377,EX,1,1,Y
M500297,AUS1,V1,M01,F,2,5,478,381,FX,50,25,N
M500297,DAL1,V1,M04,F,2,0,68,98,FX,1,50,Y
M500298,AUS1,V1,M04,F,10,1,143,348,HB,1,50,Y
M500298,MTY1,V1,M03,F,33,3,11,26,HB,50,5,N
M500298,KCH1,PD,M03,F,10,0,48,270,HB,50,1,Y
M500298,DAL1,PD,M02,F,15,0,141,318,FX,1,50,N
M500299,AUS1,PD,M04,F,2,0,240,369,HB,1,10,Y
M500299,MTY1,PD,M03,F,17,1,94,664,FX,1,1,Y
M500299,PHX1,VB,M02,F,10,3,2,697,FX,50,50,N
M500300,MTY1,V1,M04,F,28,0,500,117,HB,10,10,N
M500300,PHX1,PD,M02,F,13,1,364,41,EX,10,1,N
M500300,DAL1,VB,M02,F,27,2,491,115,FX,1,5,N
M500300,AUS1,ND,M01,F,2,2,105,457,EX,10,1,N
M500300,KCH1,ND,M04,F,22,5,265,696,HB,100,5,N
